model,coverage,avg_width,mae_mid,pinball10,pinball90
LightGBM,0.77325,206914.04286457325,70108.02038310506,14883.050492967912,17401.855880261606
XGBoost,0.7648,201731.34375,69780.796875,14838.465856411136,17564.766310664058
CatBoost,0.78615,223680.90167355828,74192.63504545635,15416.019133191074,18370.47555137105
